text_file,tau,k,runtime (s),Max RSS (kB),num_of_freq,num_of_resi,ratio,diff
data/dna.200MB,10000,10,1111.52,67775484,17640,17619,0.99881,21
data/dna.200MB,10000,100,1112.29,67775488,17640,17478,0.990816,162
data/dna.200MB,10000,1000,1119.69,67775488,17640,16028,0.908617,1612
data/dna.200MB,10000,10000,1140.38,67775464,17640,7948,0.450567,9692
data/dna.200MB,10000,100000,1168.1,67775488,17640,1345,0.0762472,16295
data/dna.200MB,10000,1000000,1214.25,67775480,17640,149,0.00844671,17491
