text_file,tau,k,runtime (s),Max RSS (kB),num_of_freq,num_of_resi,ratio,diff
data/dna.200MB_25MB,10000,100,122.604,8054680,1814,1796,0.990077,18
data/dna.200MB_50MB,10000,100,253.357,16117768,4010,3963,0.988279,47
data/dna.200MB_75MB,10000,100,387.468,24193380,5623,5557,0.988262,66
data/dna.200MB_100MB,10000,100,519.696,32244312,7550,7481,0.990861,69
data/dna.200MB,10000,100,1109.85,67775488,17640,17478,0.990816,162
