text_file,tau,k,runtime (s),Max RSS (kB),num_of_freq,num_of_resi,ratio,diff
data/proteins.200MB,10,100,1406.31,63818532,750098674,17013471,0.0226816,733085203
data/proteins.200MB,100,100,1135.55,63818532,38721403,8055092,0.208027,30666311
data/proteins.200MB,1000,100,1095.83,63818532,182491,146888,0.804905,35603
data/proteins.200MB,10000,100,1092.12,63818536,8592,8514,0.990922,78
data/proteins.200MB,100000,100,1092.48,63818540,534,533,0.998127,1
data/proteins.200MB,1000000,100,1095.82,63818540,54,54,1,0
