text_file,tau,k,runtime (s),Max RSS (kB),num_of_freq,num_of_resi,ratio,diff
data/dna.200MB,10,100,1441.43,67775456,28573983,2176316,0.0761643,26397667
data/dna.200MB,100,100,1154.05,67775488,2412785,1153637,0.478135,1259148
data/dna.200MB,1000,100,1115.72,67775480,191133,171276,0.896109,19857
data/dna.200MB,10000,100,1109.85,67775488,17640,17478,0.990816,162
data/dna.200MB,100000,100,1112.98,67775476,1491,1489,0.998659,2
data/dna.200MB,1000000,100,1124.98,67775476,156,156,1,0
