text_file,tau,k,runtime (s),Max RSS (kB),num_of_freq,num_of_resi,ratio,diff
data/proteins.200MB,10000,10,1091.98,63818540,8592,8585,0.999185,7
data/proteins.200MB,10000,100,1093.94,63818536,8592,8514,0.990922,78
data/proteins.200MB,10000,1000,1099.02,63818536,8592,7708,0.897114,884
data/proteins.200MB,10000,10000,1103.33,63818528,8592,4443,0.517109,4149
data/proteins.200MB,10000,100000,1109.36,63818532,8592,489,0.0569134,8103
data/proteins.200MB,10000,1000000,1153.28,63818544,8592,53,0.00616853,8539
